Original,Updated
Hà Nội,Ha Noi
Hồ Chí Minh,Ho Chi Minh
Đà Nẵng,Da Nang
Điện Biên Phủ,Dien Bien Phu
Hải Phòng,Hai Phong
Thanh Hóa,Thanh Hoa
Vinh,Vinh
Quảng Bình,Quang Binh
Quảng Nam,Quang Nam
Huế,Hue
Pleiku,Pleiku
Phú Yên,Phu Yen
Ban Mê Thuột,Ban Me Thuot
Nha Trang,Nha Trang
Qui Nhơn,Qui Nhon
Đà Lạt,Da Lat
Cần Thơ,Can Tho
Kiên Giang,Kien Giang
Cà Mau,Ca Mau
Phú Quốc,Phu Quoc
Côn Đảo,Con Dao
Vân Đồn,Van Don
Quảng Ninh,Quang Ninh